Date,IntDate,Open,High,Low,Close,Adj Close,Volume
5/13/1996,0,42.375,43,41.5,41.5,18.964882,403500
5/20/1996,1,41.75,44.875,41.625,44.625,20.392954,2933100
5/27/1996,2,45,46.375,44,45.75,20.907063,1955800
6/3/1996,3,45.5,45.625,42,43.25,19.764601,1736400
6/10/1996,4,43.125,43.5,42.375,42.375,19.364738,783500
6/17/1996,5,42.375,42.625,38.75,39.5,18.050911,2419800
6/24/1996,6,39.875,42.625,39.5,42.25,19.307615,2261000
7/1/1996,7,42.25,45.125,42.25,42.375,19.364738,1644900
7/8/1996,8,41.5,42.625,39.75,40.375,18.450771,1290600
7/15/1996,9,40.25,43,38.25,41.125,18.793507,1636300
7/22/1996,10,41.125,41.25,39.375,41.125,18.793507,1827500
7/29/1996,11,41,45.125,40.75,45.125,20.621441,1080700
8/5/1996,12,44.875,45.125,41.875,42.75,19.53611,1187100
8/12/1996,13,42.625,43.75,42.25,43.25,19.764601,1033800
8/19/1996,14,43.25,44,42.375,43.875,20.050211,1002500
8/26/1996,15,43.75,44.375,43,43.75,19.99309,954900
9/2/1996,16,43.5,45,42.875,44,20.107338,1781100
9/9/1996,17,44.25,47.5,44.25,47.375,21.64966,1292500
9/16/1996,18,47.25,49.875,47.25,49.25,22.615265,2414200
9/23/1996,19,49.125,49.5,47.5,49,22.500465,1386800
9/30/1996,20,48.875,49.375,48.5,49.125,22.557867,974700
10/7/1996,21,49.125,49.125,46.875,48,22.041271,1358000
10/14/1996,22,47.875,48.625,45.875,46.875,21.524673,1126200
10/21/1996,23,47,48.25,46.375,48.125,22.098673,785700
10/28/1996,24,48.125,51.375,48.125,51.125,23.476254,863700
11/4/1996,25,50.875,53.375,49.75,53.375,24.509443,1383800
11/11/1996,26,53.375,54.625,52.75,52.75,24.222443,1210000
11/18/1996,27,52.875,54.625,52.875,53.25,24.45204,1013200
11/25/1996,28,53.25,54,52.875,53,24.337242,654400
12/2/1996,29,52.875,53.125,51.375,51.75,23.763245,864700
12/9/1996,30,51.75,53.25,51.125,51.125,23.476254,1101900
12/16/1996,31,51,53.5,51,53.25,24.555168,879100
12/23/1996,32,53.125,55.5,53.125,54.375,25.073933,494100
12/30/1996,33,54.375,54.5,51.875,52,23.978765,714200
1/6/1997,34,52.25,54,51.875,52.625,24.266962,879100
1/13/1997,35,52.875,54.25,52,52.25,24.094051,639100
1/20/1997,36,52.25,54.5,51.25,53.375,24.612823,1164600
1/27/1997,37,53.125,53.625,46.875,46.875,21.615469,1926600
2/3/1997,38,47,47.5,44.625,46.875,21.615469,2528800
2/10/1997,39,46.875,48.5,46.125,46.25,21.327269,2002000
2/17/1997,40,46.125,47,45.75,46,21.211981,444900
2/24/1997,41,45.875,46,44,44.75,20.635563,965800
3/3/1997,42,44.75,44.875,35.25,38.875,17.926435,10793800
3/10/1997,43,39,39.375,36.375,37.75,17.40766,4954700
3/17/1997,44,37.5,37.5,36,36.25,16.715963,2095200
3/24/1997,45,36.25,36.5,33.625,33.75,15.656225,2236400
3/31/1997,46,33.75,34.125,31.875,32.375,15.018387,2620000
4/7/1997,47,32.5,35.5,32.125,34.625,16.062136,2857000
4/14/1997,48,34.5,35.75,34.5,35.625,16.526026,1733600
4/21/1997,49,35.25,35.375,29.875,32.875,15.250325,5412600
4/28/1997,50,32.625,33.5,32.125,33,15.308311,2166100
5/5/1997,51,33.25,36.5,32.5,35.75,16.584003,3712000
5/12/1997,52,36,37.25,35.25,36.5,16.931931,1162700
5/19/1997,53,36.5,37.125,35.375,35.5,16.468031,1440300
5/26/1997,54,35.375,36.375,34.875,36.25,16.815956,1656700
6/2/1997,55,36.125,38,36,37.5,17.395807,899800
6/9/1997,56,37.375,39.875,37,39.625,18.381567,1445200
6/16/1997,57,39.75,40.625,38.375,38.5,17.966171,1306100
6/23/1997,58,38.25,38.375,36.25,37.25,17.382851,1486400
6/30/1997,59,37,38.125,36.25,37.8125,17.645336,787300
7/7/1997,60,37.875,38.375,37.0625,37.9375,17.703671,888400
7/14/1997,61,37.875,38.5625,36.3125,36.625,17.09119,899100
7/21/1997,62,36.5625,37.875,34.5,36.0625,16.828699,2709100
7/28/1997,63,36,36.3125,34,34.0625,15.895391,1838900
8/4/1997,64,34.0625,36.75,33.625,35.25,16.449545,1526900
8/11/1997,65,36,36.5,33.4375,34.0625,15.895391,904700
8/18/1997,66,34,35.5,33.25,34.1875,15.953726,1205900
8/25/1997,67,34.375,35.25,33.5625,33.5625,15.662058,1104200
9/1/1997,68,33.8125,35.4375,27.5,28.4375,13.270464,8991800
9/8/1997,69,28.875,28.9375,26.625,26.75,12.482987,5970600
9/15/1997,70,26.9375,28.25,26.875,28,13.171436,1961800
9/22/1997,71,28,28,27.0625,27.1875,12.789228,1854300
9/29/1997,72,27.25,28.4375,27.1875,28.25,13.289038,2721900
10/6/1997,73,28.3125,28.5625,27.0625,27.625,12.995033,2285600
10/13/1997,74,27.75,27.9375,26.125,26.4375,12.436423,3683400
10/20/1997,75,26.5,27.6875,25.8125,27,12.701027,2594100
10/27/1997,76,26.25,26.5,22.75,25.0625,11.789608,3034600
11/3/1997,77,25.1875,26.75,25,25.1875,11.848411,5842300
11/10/1997,78,25.1875,25.25,23.75,23.875,11.231002,4321000
11/17/1997,79,24.25,24.25,23,24.0625,11.319202,1702900
11/24/1997,80,24,24,22.5,23.875,11.231002,908100
12/1/1997,81,24.125,25.375,23.8125,25.25,11.877812,966100
12/8/1997,82,25.375,25.875,24.75,25.625,12.054213,1415000
12/15/1997,83,25.8125,26.875,25.25,26.75,12.6932,1020200
12/22/1997,84,26.5,27.9375,26.5,27.375,12.989775,859900
12/29/1997,85,27.5,28.3125,27.1875,27.8125,13.197374,972000
1/5/1998,86,27.9375,27.9375,25,25.1875,11.951778,663400
1/12/1998,87,24.625,25.625,24.25,25.3125,12.011089,959300
1/19/1998,88,25.3125,26.625,25.1875,25.8125,12.24835,784600
1/26/1998,89,25.9375,26.5,24.5625,25.5625,12.129719,958900
2/2/1998,90,25.8125,26.4375,25.5625,26.3125,12.485608,1005300
2/9/1998,91,26.3125,27.0625,25.8125,26.875,12.752517,1020400
2/16/1998,92,26.625,27.0625,26.5,26.9375,12.782172,575000
2/23/1998,93,26.6875,27.375,26.375,26.875,12.752517,847200
3/2/1998,94,26.875,28.125,26.75,27.625,13.108402,954900
3/9/1998,95,27.5625,28.5625,27.5625,28.375,13.464293,1167200
3/16/1998,96,28.3125,28.375,27.1875,27.4375,13.019433,941400
3/23/1998,97,27.3125,27.375,25.25,26.5625,12.704724,1402700
3/30/1998,98,26.5625,27.1875,26.25,26.3125,12.585151,962800
4/6/1998,99,26.375,27.1875,25.75,26.6875,12.764519,667800
4/13/1998,100,26.75,27.375,26,27.3125,13.063449,1006700
4/20/1998,101,27.25,27.25,26.0625,26.5,12.674834,1326400
4/27/1998,102,26.4375,27.75,25.875,27.125,12.973765,1172100
5/4/1998,103,27.25,27.4375,26.875,27,12.913984,864700
5/11/1998,104,27,28.5,26.8125,28.3125,13.541747,1058800
5/18/1998,105,28.25,29,27.375,27.375,13.093345,784100
5/25/1998,106,27.125,27.125,25.9375,27,12.913984,604500
6/1/1998,107,27,27.5,25.9375,26.0625,12.465582,694900
6/8/1998,108,26.125,28.5,26.0625,26.1875,12.52537,2061600
6/15/1998,109,26,26.3125,24.8125,25.625,12.359418,1105000
6/22/1998,110,25.875,27.25,25.875,27.0625,13.052755,1222600
6/29/1998,111,26.9375,28.5,26.75,28.3125,13.655654,917000
7/6/1998,112,28.3125,28.6875,27.9375,28.4375,13.71594,943600
7/13/1998,113,28.3125,28.5,27.0625,28.3125,13.655654,736800
7/20/1998,114,27.25,28.75,26.4375,27.25,13.143187,957800
7/27/1998,115,27,27.0625,25.1875,25.25,12.17855,746100
8/3/1998,116,25.25,25.8125,24.5,24.8125,11.967534,677300
8/10/1998,117,24.5625,25,23.5,23.625,11.394784,509000
8/17/1998,118,23.625,24,22.5625,23,11.093335,459400
8/24/1998,119,23,23.625,20.25,20.375,9.82725,865300
8/31/1998,120,20.25,20.375,18.375,18.4375,8.892757,587300
9/7/1998,121,18.5625,19.4375,18.1875,18.75,9.043482,670500
9/14/1998,122,18.9375,19.75,17.25,18.1875,8.873585,1107100
9/21/1998,123,15.5,15.5,12.875,12.875,6.281643,4358100
9/28/1998,124,12.8125,13.25,11.4375,12.8125,6.251151,2689600
10/5/1998,125,12.9375,14.125,12.375,13.8125,6.739048,1478000
10/12/1998,126,13.8125,16.125,13.1875,16.125,7.867301,1670400
10/19/1998,127,16.1875,17.25,14.5625,16.25,7.92829,2039200
10/26/1998,128,16.3125,16.6875,15.5625,15.5625,7.592862,1616500
11/2/1998,129,15.8125,19.3125,15.8125,19.1875,9.36148,1406100
11/9/1998,130,19,19.6875,18.875,19,9.270002,811400
11/16/1998,131,19.75,20,19,19,9.270002,2173600
11/23/1998,132,19,19.1875,18.25,19.0625,9.300496,961900
11/30/1998,133,18.875,18.875,16.375,17.125,8.355199,1163700
12/7/1998,134,17.0625,17.25,16.25,17.0625,8.324701,724800
12/14/1998,135,17,17.25,16.5,16.5625,8.187496,1065000
12/21/1998,136,16.5625,17,15.625,16,7.909432,608800
12/28/1998,137,16.25,16.625,15.6875,16.4375,8.125707,1129900
1/4/1999,138,16.3125,16.5,15.3125,16.5,8.156601,778000
1/11/1999,139,16.125,17.6875,15.9375,16.5,8.156601,772500
1/18/1999,140,16.375,16.375,15.125,15.3125,7.569572,701900
1/25/1999,141,15.4375,20.8125,15.0625,20.5625,10.164858,2249300
2/1/1999,142,20.5625,21.4375,18.6875,18.9375,9.361549,1220000
2/8/1999,143,18.9375,19,18.1875,18.3125,9.052588,1619200
2/15/1999,144,18.4375,18.625,17.75,17.8125,8.805421,1339400
2/22/1999,145,17.875,18.125,16.3125,17.5,8.650938,2454300
3/1/1999,146,17.75,18.625,17.5,18.4375,9.11438,2127200
3/8/1999,147,18.4375,20.5,18.4375,20.0625,9.917686,1842600
3/15/1999,148,19.9375,20.0625,19,19.125,9.45424,774100
3/22/1999,149,19.125,19.5625,18.4375,19.0625,9.528154,1163000
3/29/1999,150,19.0625,19.625,17.0625,17.375,8.684678,586400
4/5/1999,151,17.5,18.25,17,18,8.997078,584300
4/12/1999,152,18,19.8125,18,19.8125,9.903031,621500
4/19/1999,153,20.8125,22.4375,20.25,21.5625,10.777746,1897300
4/26/1999,154,22,23.875,21.75,23.6875,11.839904,1355800
5/3/1999,155,23.6875,24.0625,23,23.625,11.808666,747300
5/10/1999,156,23.5625,23.5625,21.5625,22.5625,11.277586,1104400
5/17/1999,157,22.5625,23.75,21.875,22.9375,11.465026,780800
5/24/1999,158,23,23.25,21.5,22.25,11.121387,722800
5/31/1999,159,22.25,22.4375,21.4375,22.125,11.058911,759500
6/7/1999,160,21.9375,22.875,21.5625,22.625,11.308831,936400
6/14/1999,161,22.5,23.125,22.3125,22.9375,11.465026,1328500
6/21/1999,162,23,23.5625,22.9375,23.4375,11.829336,1212000
6/28/1999,163,23.5,25.5,22.9375,24,12.113246,1841400
7/5/1999,164,23.9375,24.4375,22.6875,22.8125,11.51389,909800
7/12/1999,165,22.9375,24.375,22.875,23.9375,12.081699,1221600
7/19/1999,166,23.875,24.625,22.75,23.3125,11.76625,1181700
7/26/1999,167,23.25,24.3125,22.9375,23.625,11.92397,778900
8/2/1999,168,23.625,24.75,23.3125,23.875,12.050153,976900
8/9/1999,169,23.875,24.75,23.5625,24.1875,12.207873,660100
8/16/1999,170,24.1875,24.4375,23.625,24.1875,12.207873,622400
8/23/1999,171,24.3125,24.625,22.5625,22.9375,11.576978,545200
8/30/1999,172,22.9375,22.9375,22.0625,22.875,11.545436,584200
9/6/1999,173,22.75,23,22.0625,22.0625,11.135351,630100
9/13/1999,174,22.0625,22.0625,20.1875,20.75,10.472904,510300
9/20/1999,175,20.6875,20.875,19.125,19.375,9.778921,836900
9/27/1999,176,19.375,20.75,19.0625,19.375,9.89234,662000
10/4/1999,177,19.5,19.875,17.6875,17.75,9.062661,1848000
10/11/1999,178,17.9375,21.125,17.875,19.5,9.956164,2142400
10/18/1999,179,19.5,20.75,18.4375,19.125,9.7647,1118000
10/25/1999,180,19.125,20.5,19.0625,19.8125,10.115719,866600
11/1/1999,181,19.875,20.375,19.25,19.9375,10.179544,1196200
11/8/1999,182,19.875,19.875,18.3125,18.375,9.38177,1560300
11/15/1999,183,18.4375,19.5,17.5625,18,9.190307,1105500
11/22/1999,184,18.3125,18.4375,17.75,17.875,9.126484,957400
11/29/1999,185,17.8125,18.25,17.125,17.5625,8.966929,1068400
12/6/1999,186,17,20.1875,17,19.5,9.956164,1529300
12/13/1999,187,19.625,19.75,17,17.375,8.871197,1867700
12/20/1999,188,17.375,17.9375,16,16.875,8.717523,1380300
12/27/1999,189,16.875,17.8125,15.875,16.9375,8.74981,904000
1/3/2000,190,16.9375,16.9375,16,16.4375,8.49151,954600
1/10/2000,191,16.5625,16.6875,16.0625,16.0625,8.29779,1438600
1/17/2000,192,16.0625,17,15.5,15.6875,8.104064,1541200
1/24/2000,193,15.6875,16.5,15,15.875,8.200926,1937100
1/31/2000,194,15.9375,17.375,15.5625,16.8125,8.68523,3735300
2/7/2000,195,16.875,18.375,16.625,18,9.298692,2355000
2/14/2000,196,17.9375,19,17.125,17.125,8.846674,1179300
2/21/2000,197,17.25,18.25,16.4375,16.5,8.523797,925000
2/28/2000,198,16.4375,17.625,16.25,16.375,8.459222,1324000
3/6/2000,199,16.5625,17.5,14.8125,16.25,8.394648,1289800
3/13/2000,200,16.25,18.1875,15,17.0625,8.814381,1310800
3/20/2000,201,17.1875,17.1875,15,15.0625,7.781194,1561700
3/27/2000,202,15.25,16.6875,14.5625,15.8125,8.278184,2317100
4/3/2000,203,15.9375,17.0625,15.5,16.75,8.768984,1369900
4/10/2000,204,16.75,17.375,16.25,16.375,8.572667,1087100
4/17/2000,205,16.375,17.9375,16.375,17.75,9.292509,974300
4/24/2000,206,17.9375,19,17.75,18.875,9.881471,1448200
5/1/2000,207,18.875,20.5,17.9375,18.4375,9.652429,1339200
5/8/2000,208,18.75,19.1875,17.5937,18.0625,9.456112,1263700
5/15/2000,209,17.8125,18.4375,16.875,17.9375,9.390671,1491900
5/22/2000,210,18.0625,23.375,17.875,23.375,12.237318,3638700
5/29/2000,211,23,24.5,21.5625,23.875,12.499076,1640800
6/5/2000,212,23.5,23.625,21.875,22.8125,11.942831,1311000
6/12/2000,213,22.9375,24.3125,21.375,21.625,11.321152,993300
6/19/2000,214,22,23.4375,20,21.1875,11.197791,1137300
6/26/2000,215,21.25,22.25,20.875,22.0156,11.635446,1452700
7/3/2000,216,22.125,22.5,21.5,21.875,11.561141,555300
7/10/2000,217,21.875,23.125,21.5625,23,12.155707,1020200
7/17/2000,218,23,23.0625,21.25,21.5,11.362947,654400
7/24/2000,219,21.375,21.5625,19.6875,19.875,10.504123,1094300
7/31/2000,220,19.625,19.875,18.875,19.25,10.173806,1335700
8/7/2000,221,20,20,19.0625,19.375,10.239866,724600
8/14/2000,222,19.3125,20.375,19.3125,19.6875,10.405022,508700
8/21/2000,223,19.5625,20.9375,19.25,20.375,10.768373,720700
8/28/2000,224,20.625,20.75,20,20.0625,10.603215,744600
9/4/2000,225,20.0625,20.6875,19.9375,20.3125,10.735343,784700
9/11/2000,226,20.25,20.5,18.25,19.125,10.107738,1404200
9/18/2000,227,19.125,19.25,17.4375,18.1875,9.718502,1444000
9/25/2000,228,18.375,18.6875,16.9375,18,9.618311,994600
10/2/2000,229,18.1875,18.1875,16.25,16.375,8.74999,1764900
10/9/2000,230,16.5625,16.6875,15.5625,15.875,8.482811,1101000
10/16/2000,231,15.625,16.75,15.5,16.5625,8.850181,1261700
10/23/2000,232,16.75,16.9375,15.5625,15.8125,8.449417,1025100
10/30/2000,233,15.875,17.9375,15.875,17.6875,9.451325,1025900
11/6/2000,234,17.875,18.5,16.9375,18.25,9.751897,1426100
11/13/2000,235,18.25,19.125,18,18.9375,10.11926,1371700
11/20/2000,236,18.9375,19.375,18,18,9.618311,712500
11/27/2000,237,18.125,18.625,17.5625,18.5,9.885483,894500
12/4/2000,238,18.5625,19.5625,18.0625,18.1875,9.718502,1427200
12/11/2000,239,18.375,19.125,17.0625,17.0625,9.117358,1434500
12/18/2000,240,17.25,18.6875,17.25,18.5,10.004863,783800
12/25/2000,241,18.4375,20.625,18.3125,20.4375,11.052671,1363400
1/1/2001,242,20.3125,20.4375,19.375,19.5,10.545667,1233200
1/8/2001,243,19.5,22.875,19.25,22.375,12.100478,2625400
1/15/2001,244,22.625,23.4375,21.875,22.625,12.235678,1407900
1/22/2001,245,22.5,23.125,22,22.3125,12.066676,980100
1/29/2001,246,22.5,22.700001,20.700001,21.76,11.767884,2401300
2/5/2001,247,21.799999,23,21.6,22.68,12.26542,992900
2/12/2001,248,22.48,23.02,22.07,22.49,12.162668,589100
2/19/2001,249,22.51,22.99,21.639999,22.16,11.984207,1101000
2/26/2001,250,22.35,23.690001,22.219999,23.549999,12.73592,1425100
3/5/2001,251,23.57,26,23,25.139999,13.595799,912500
3/12/2001,252,25.25,25.25,23.129999,24.879999,13.45519,1966700
3/19/2001,253,24.68,25,21.9,23.280001,12.589904,1883300
3/26/2001,254,23.33,24,22.950001,23.860001,13.020727,1487900
4/2/2001,255,23.799999,24.25,22,22.030001,12.022074,1492800
4/9/2001,256,22.33,22.4,20.799999,21.219999,11.580045,2453000
4/16/2001,257,21.23,21.790001,19.200001,19.92,10.870617,2748300
4/23/2001,258,19.67,22.48,19.4,22.18,12.10393,2297700
4/30/2001,259,22.15,22.74,21.799999,22.52,12.289476,1370800
5/7/2001,260,22.299999,23.02,21.6,22,12.005703,891400
5/14/2001,261,22.1,22.99,21.77,22.559999,12.311299,1406800
5/21/2001,262,22.559999,23.07,22.32,22.49,12.273108,907800
5/28/2001,263,22.49,23.1,22.48,23.059999,12.584161,554800
6/4/2001,264,22.83,23.98,22.57,23.73,12.94979,771900
6/11/2001,265,23.799999,23.83,22.6,22.690001,12.382252,954400
6/18/2001,266,22.690001,24.950001,22.4,22.459999,12.37361,867000
6/25/2001,267,22.26,23.639999,22.15,23.43,12.908006,827800
7/2/2001,268,23.43,23.6,22.530001,22.549999,12.42319,487400
7/9/2001,269,22.549999,22.85,21.299999,22.440001,12.362595,962000
7/16/2001,270,22.5,24.98,22.299999,24.799999,13.662763,1558700
7/23/2001,271,24.5,24.969999,23.25,23.59,12.996148,2160900
7/30/2001,272,23.58,23.950001,22.809999,23.299999,12.836381,966500
8/6/2001,273,23.309999,23.700001,21.68,22.74,12.527868,1226400
8/13/2001,274,22.639999,23.799999,22.299999,23.719999,13.067768,855800
8/20/2001,275,24.1,24.879999,23.9,24.43,13.45892,1909000
8/27/2001,276,24.299999,24.639999,23.4,23.629999,13.018183,754800
9/3/2001,277,23.5,24.950001,23.35,24.25,13.359749,1037900
9/10/2001,278,24.25,24.309999,23.17,23.379999,12.880464,389200
9/17/2001,279,23.370001,23.370001,19.09,19.24,10.599658,1293100
9/24/2001,280,19.639999,21.120001,19.639999,19.940001,10.985301,973100
10/1/2001,281,20,22.200001,19.65,22.190001,12.224866,1293900
10/8/2001,282,21.950001,22.799999,21.389999,21.49,11.839224,757700
10/15/2001,283,21.5,21.57,20.24,20.98,11.558253,1544000
10/22/2001,284,20.9,21.15,19.950001,20.93,11.530709,1252900
10/29/2001,285,21,21.15,19.809999,20.559999,11.326871,1386500
11/5/2001,286,20.559999,21.690001,20.51,20.75,11.431547,1307500
11/12/2001,287,20.9,22.4,20.35,21.93,12.081626,1248800
11/19/2001,288,21.93,22,21.110001,21.209999,11.684966,573200
11/26/2001,289,21.25,21.25,19.48,19.66,10.831043,2549500
12/3/2001,290,19.9,20,19.5,19.75,10.880629,1534900
12/10/2001,291,19.75,19.75,17.700001,18,9.916523,1669800
12/17/2001,292,18.02,19.700001,18.02,19.299999,10.758612,2014100
12/24/2001,293,19.17,19.73,19.120001,19.440001,10.83665,600100
12/31/2001,294,19.43,19.549999,18.690001,19.459999,10.847806,858400
1/7/2002,295,19.459999,19.889999,19.110001,19.27,10.741887,1176800
1/14/2002,296,19.5,19.5,18.84,18.940001,10.557932,1072600
1/21/2002,297,19.02,19.35,18.52,19.059999,10.624825,668200
1/28/2002,298,19.110001,19.4,18.75,19.17,10.68614,2309500
2/4/2002,299,19.25,19.51,18.559999,19,10.591381,1335900
2/11/2002,300,18.950001,20.469999,18.82,20.01,11.154398,1511900
2/18/2002,301,20.01,20.66,19.870001,20.370001,11.355073,834800
2/25/2002,302,20.52,20.91,20.030001,20.889999,11.64494,1019400
3/4/2002,303,20.93,21.32,20.35,21.15,11.789876,1244700
3/11/2002,304,21.1,21.940001,20.950001,21.57,12.024008,980800
3/18/2002,305,21.32,22.85,21.18,22.42,12.624416,993000
3/25/2002,306,22.6,23.110001,22.129999,22.75,12.810232,623500
4/1/2002,307,22.75,23.790001,22.18,23.65,13.31701,1514000
4/8/2002,308,23.5,24.66,23.02,24.5,13.795639,1380300
4/15/2002,309,24.5,24.99,23.74,24.17,13.609821,1559900
4/22/2002,310,24.07,24.209999,22.950001,23.549999,13.260706,2261800
4/29/2002,311,23.5,23.77,22.450001,22.91,12.90033,1441100
5/6/2002,312,22.91,23.4,22.200001,22.4,12.613158,1257000
5/13/2002,313,22.4,22.99,22.15,22.52,12.68072,1492300
5/20/2002,314,22.549999,22.59,21.450001,21.690001,12.213363,823600
5/27/2002,315,21.889999,22.6,21.15,22.129999,12.461123,1292900
6/3/2002,316,22.129999,22.52,21.25,22.48,12.658203,1584700
6/10/2002,317,22.450001,22.549999,20.92,21.43,12.066965,938900
6/17/2002,318,21.6,22.290001,21.52,21.9,12.455946,1083300
6/24/2002,319,21.9,22.219999,19.969999,20.790001,11.824613,1860900
7/1/2002,320,20.719999,20.85,19.299999,20.1,11.432168,964100
7/8/2002,321,19.52,19.77,17.75,18.379999,10.453896,1956000
7/15/2002,322,18.129999,18.549999,16.76,17.02,9.680374,1495300
7/22/2002,323,16.99,17.5,16.02,17,9.668996,1832100
7/29/2002,324,16.76,18.030001,16.76,17.129999,9.742935,1325900
8/5/2002,325,17.1,17.709999,16.709999,17.43,9.913568,1129200
8/12/2002,326,17.4,18.1,16.9,17.860001,10.158138,981500
8/19/2002,327,17.950001,18.5,17.82,18.1,10.294641,930100
8/26/2002,328,18.299999,18.879999,17.690001,18.24,10.374269,802100
9/2/2002,329,18.15,18.6,17.5,18.440001,10.48802,1168400
9/9/2002,330,18.4,18.9,17.5,17.870001,10.163822,1625600
9/16/2002,331,17.65,18.34,16.99,17.200001,9.899787,844500
9/23/2002,332,17.08,17.08,15.91,15.96,9.18608,1323500
9/30/2002,333,16.5,17.5,15.96,16.16,9.301191,1540400
10/7/2002,334,16.139999,16.75,14.98,16.25,9.352994,1712200
10/14/2002,335,16.190001,17.700001,16.049999,17.209999,9.905536,1556100
10/21/2002,336,17.209999,18.139999,15.04,15.77,9.076722,4284600
10/28/2002,337,16,16.299999,15.17,16.23,9.34148,1629300
11/4/2002,338,16.48,16.48,15.7,15.86,9.128521,1380100
11/11/2002,339,15.83,16.700001,15.4,16.51,9.50264,1193800
11/18/2002,340,16.530001,17.450001,15.58,17.43,10.032164,1892600
11/25/2002,341,17.26,17.469999,16.65,17.129999,9.859492,780500
12/2/2002,342,17.26,17.610001,16.799999,17.219999,9.911297,1381600
12/9/2002,343,17,17,16.43,16.799999,9.669557,1338200
12/16/2002,344,17.1,17.530001,14.4,14.85,8.657804,3898100
12/23/2002,345,14.85,15.3,14.77,15.04,8.768579,2456700
12/30/2002,346,15,15.48,14.76,15.24,8.885184,2497400
1/6/2003,347,15.39,15.95,15.33,15.55,9.06592,2716600
1/13/2003,348,15.5,15.67,15.21,15.25,8.891017,1242400
1/20/2003,349,15.35,15.35,14.63,14.8,8.628656,1176200
1/27/2003,350,14.65,15.98,14.27,15.46,9.013451,2614000
2/3/2003,351,15.5,15.73,14.68,14.81,8.634488,1398200
2/10/2003,352,14.75,15.15,14.32,14.75,8.599506,1267400
2/17/2003,353,14.85,15.06,12.75,12.89,7.515094,2681400
2/24/2003,354,13.27,13.3,12.45,12.47,7.270228,3000100
3/3/2003,355,12.7,12.83,12.05,12.43,7.246906,2256800
3/10/2003,356,12.35,12.72,12.07,12.61,7.351848,1741200
3/17/2003,357,12.51,14.3,12.4,14,8.309187,4838000
3/24/2003,358,14.01,14.09,13.57,14,8.309187,1668800
3/31/2003,359,13.8,14.56,13.66,14.29,8.48131,1510600
4/7/2003,360,14.5,14.72,14,14.09,8.362607,1692900
4/14/2003,361,14.15,15.03,14.13,15.03,8.920508,1185600
4/21/2003,362,15.15,15.65,13.65,13.7,8.131139,3703200
4/28/2003,363,13.7,14.07,13.5,14.04,8.332932,2981100
5/5/2003,364,14.04,14.53,14,14.48,8.594077,3551700
5/12/2003,365,14.58,15.1,14.31,14.59,8.659365,1866100
5/19/2003,366,14.5,15.21,14.26,15.19,9.015472,1459600
5/26/2003,367,15.03,16.200001,15.03,15.88,9.424994,1777000
6/2/2003,368,16,16.15,15.5,15.59,9.252875,2984800
6/9/2003,369,15.66,15.97,15.31,15.55,9.229136,2548800
6/16/2003,370,15.7,16.5,14.36,14.54,8.750537,4010100
6/23/2003,371,14.44,14.58,13.9,14.27,8.588043,2275200
6/30/2003,372,14.29,14.75,14.08,14.5,8.726465,1568400
7/7/2003,373,14.48,15,14.47,14.74,8.8709,2218100
7/14/2003,374,15,15.17,14.55,14.63,8.8047,2112000
7/21/2003,375,14.65,15.46,14.55,15.38,9.256066,2999500
7/28/2003,376,15.6,15.95,15.25,15.54,9.352361,2631200
8/4/2003,377,15.75,15.88,15.25,15.53,9.346345,2106900
8/11/2003,378,15.78,16.43,15.75,16.200001,9.749565,2170100
8/18/2003,379,16.200001,16.52,15.96,16.200001,9.749565,1522700
8/25/2003,380,16.15,16.469999,15.9,16.33,9.827801,1923400
9/1/2003,381,16.27,16.98,16.27,16.610001,9.996315,2040800
9/8/2003,382,16.860001,16.92,16.379999,16.700001,10.050479,1888500
9/15/2003,383,16.73,16.85,16.4,16.709999,10.190094,1569100
9/22/2003,384,16.6,16.85,13.32,13.4,8.171592,5592600
9/29/2003,385,13.4,13.85,12.97,13.75,8.385029,3866600
10/6/2003,386,13.8,14.61,13.75,14.29,8.714331,2508900
10/13/2003,387,14.5,14.99,14.46,14.5,8.842394,1811100
10/20/2003,388,14.55,15.45,14.25,14.9,9.086322,3204300
10/27/2003,389,15,15.18,14.85,15.05,9.177793,2577900
11/3/2003,390,15.04,15.15,14.8,14.86,9.06193,2225900
11/10/2003,391,14.76,14.95,14.45,14.66,8.939966,1401100
11/17/2003,392,14.66,14.95,14.46,14.9,9.086322,1459400
11/24/2003,393,15,15.52,14.95,15.41,9.397329,978400
12/1/2003,394,15.51,15.75,15.31,15.67,9.555884,1474600
12/8/2003,395,15.5,15.6,15.01,15.57,9.494903,1957900
12/15/2003,396,15.73,16.1,15.11,16.040001,9.920798,2896400
12/22/2003,397,16.4,17.139999,16.299999,16.92,10.46508,1912800
12/29/2003,398,16.98,17.85,16.950001,17.6,10.885667,1990200
1/5/2004,399,17.52,18.559999,17.52,18.01,11.139254,3409800
1/12/2004,400,17.950001,18.639999,17.940001,18.469999,11.423766,2268000
1/19/2004,401,18.49,19.459999,18.4,19.27,11.918571,2346300
1/26/2004,402,19.27,19.540001,17.08,17.65,10.916592,4589500
2/2/2004,403,17.9,18.99,17.75,18.950001,11.720652,2717600
2/9/2004,404,18.950001,19.559999,18.549999,18.879999,11.67735,2126800
2/16/2004,405,19,19.110001,18.690001,18.73,11.584575,3033200
2/23/2004,406,18.799999,19.5,18.530001,19.1,11.813419,1775800
3/1/2004,407,19.190001,19.6,19.08,19.129999,11.831976,1475400
3/8/2004,408,19.139999,19.26,17.75,18.32,11.330992,2160800
3/15/2004,409,18.25,18.25,16.299999,16.58,10.373909,5557500
3/22/2004,410,16.58,17.379999,16.16,17.02,10.649208,10621200
3/29/2004,411,17.190001,18.1,17.129999,17.969999,11.243611,3179800
4/5/2004,412,18.01,19.610001,17.889999,19.25,12.044497,5279800
4/12/2004,413,19.219999,19.57,18.32,19.34,12.100804,3374500
4/19/2004,414,19.34,19.91,18.780001,19.24,12.038235,3751200
4/26/2004,415,19.309999,19.450001,18.450001,18.73,11.719138,2754900
5/3/2004,416,18.74,18.85,17.690001,18,11.262383,2657600
5/10/2004,417,17.99,18.040001,17.16,17.450001,10.918255,2279600
5/17/2004,418,17.25,17.860001,17,17.700001,11.074681,1834200
5/24/2004,419,17.85,18.5,17.559999,18.27,11.431321,1724300
5/31/2004,420,18.280001,18.790001,18.18,18.440001,11.537692,976100
6/7/2004,421,18.549999,18.83,18.4,18.549999,11.606515,844500
6/14/2004,422,18.33,18.700001,17.969999,18.700001,11.700365,1365300
6/21/2004,423,18.65,19.200001,18.450001,19.200001,12.157395,1471200
6/28/2004,424,19.25,19.74,18.940001,18.940001,11.992766,1415500
7/5/2004,425,18.950001,18.950001,16.77,17.32,10.96698,3365400
7/12/2004,426,17.26,17.49,16.889999,17,10.764363,2177900
7/19/2004,427,17.1,17.91,16.6,16.610001,10.517414,3113700
7/26/2004,428,16.620001,17.299999,16.34,17.17,10.872005,2211700
8/2/2004,429,17.049999,17.190001,16.01,16.059999,10.169153,2663500
8/9/2004,430,16.08,17.049999,16.08,16.799999,10.637722,2812800
8/16/2004,431,16.879999,17.450001,16.870001,17.379999,11.004972,1836200
8/23/2004,432,17.43,17.6,16.99,17.469999,11.061965,1280400
8/30/2004,433,17.469999,17.57,16.9,17.450001,11.0493,1551400
9/6/2004,434,17.639999,17.940001,17.450001,17.690001,11.201269,1426300
9/13/2004,435,17.51,17.709999,17.110001,17.389999,11.011305,2188100
9/20/2004,436,17.4,17.4,16.48,16.67,10.688332,1692000
9/27/2004,437,16.67,18.08,16.33,17.940001,11.502621,3479600
10/4/2004,438,18.049999,18.219999,17.35,17.530001,11.239738,2523200
10/11/2004,439,17.65,17.799999,17.24,17.26,11.066619,2214000
10/18/2004,440,17.27,17.4,16.469999,16.790001,10.76527,3809200
10/25/2004,441,16.790001,17.129999,16.360001,16.690001,10.701154,2272600
11/1/2004,442,16.690001,17.5,16.49,17.43,11.175618,2830400
11/8/2004,443,17.5,17.950001,17.200001,17.950001,11.509027,1224600
11/15/2004,444,17.940001,18.43,17.75,18.09,11.598792,1818400
11/22/2004,445,18.15,18.450001,17.82,18.27,11.7142,1261800
11/29/2004,446,18.26,19.469999,18.26,19.01,12.188674,2380300
12/6/2004,447,18.879999,19.110001,18.309999,19.08,12.233555,2009100
12/13/2004,448,19.09,20.5,18.889999,19.83,12.863294,3375800
12/20/2004,449,20,20.41,19.68,20.24,13.129254,1753300
12/27/2004,450,20.32,21,20.049999,20.719999,13.440622,1378300
1/3/2005,451,20.67,20.83,19.459999,19.950001,12.941143,2841900
1/10/2005,452,19.9,20.4,19.82,20.379999,13.22007,1618500
1/17/2005,453,20.379999,20.5,20,20.120001,13.051414,1443800
1/24/2005,454,20.15,20.700001,19.59,19.77,12.824378,2273900
1/31/2005,455,19.790001,20.41,19.790001,20.35,13.200614,2554900
2/7/2005,456,20.4,20.450001,19.93,20.389999,13.226561,1175200
2/14/2005,457,20.389999,21.049999,20.18,20.5,13.297908,1903500
2/21/2005,458,20.450001,20.82,20.15,20.75,13.460084,1588800
2/28/2005,459,20.790001,21.42,20.41,21.32,13.829822,1822300
3/7/2005,460,21.379999,21.389999,20.18,20.309999,13.174663,1728000
3/14/2005,461,20.43,20.799999,20.15,20.32,13.320769,1850100
3/21/2005,462,20.33,20.48,20.059999,20.33,13.32732,935000
3/28/2005,463,20.34,20.5,19.9,20.08,13.163434,1487800
4/4/2005,464,20.110001,21.07,20.01,20.629999,13.523983,1417300
4/11/2005,465,20.700001,20.959999,19.950001,20,13.110993,1775100
4/18/2005,466,20.07,20.690001,19.49,19.84,13.006103,2547100
4/25/2005,467,19.879999,22.5,19.73,21.1,13.832094,6712700
5/2/2005,468,21.1,22.200001,20.860001,21.860001,14.330308,3516800
5/9/2005,469,21.92,22.07,21.51,21.700001,14.225429,3141400
5/16/2005,470,21.65,22.280001,21,21.799999,14.290981,6617200
5/23/2005,471,21.799999,22.74,21.77,22.6,14.815418,3720000
5/30/2005,472,22.530001,22.9,22.52,22.75,14.913751,2536800
6/6/2005,473,22.85,23.15,22.209999,22.450001,14.717089,2627600
6/13/2005,474,22.389999,23.549999,22.389999,23.549999,15.589951,2789300
6/20/2005,475,23.530001,23.9,22.629999,22.98,15.212617,3908000
6/27/2005,476,22.92,23.67,22.709999,23.389999,15.484033,1811100
7/4/2005,477,23.4,23.799999,23.139999,23.6,15.623055,1469200
7/11/2005,478,23.6,23.92,23.33,23.41,15.497272,1615100
7/18/2005,479,23.379999,24.299999,23.370001,24.120001,15.967288,2121700
7/25/2005,480,24.17,24.68,19.85,21.33,14.120324,9743000
8/1/2005,481,21.27,21.4,20.67,21,13.901866,3436400
8/8/2005,482,21.059999,24.49,21.049999,21.870001,14.477806,7380500
8/15/2005,483,21.92,22.07,21.299999,21.700001,14.365266,2186400
8/22/2005,484,21.700001,21.99,21.450001,21.67,14.345403,1649300
8/29/2005,485,21.15,22.120001,21.08,21.99,14.55724,1377800
9/5/2005,486,21.99,23.809999,21.99,23.809999,15.762072,1995100
9/12/2005,487,23.58,24.139999,23,23.91,15.82827,1725400
9/19/2005,488,23.85,24.15,21.860001,22.76,15.20749,4222600
9/26/2005,489,22.889999,23.01,22.299999,22.780001,15.220854,1597600
10/3/2005,490,22.799999,22.879999,21.389999,21.57,14.412374,2972300
10/10/2005,491,21.58,21.68,20.58,21.08,14.084975,2537400
10/17/2005,492,21.110001,22.02,20.92,21.639999,14.459141,1655000
10/24/2005,493,21.690001,23.18,21.690001,22.93,15.321084,2651000
10/31/2005,494,23,23.969999,22.75,23.389999,15.628438,1717900
11/7/2005,495,23.34,23.75,22.879999,23.67,15.815519,1062900
11/14/2005,496,23.700001,23.940001,23.08,23.91,15.975883,1337400
11/21/2005,497,23.799999,24,23.5,23.91,15.975883,1152900
11/28/2005,498,23.870001,23.91,22.790001,23.91,15.975883,1853100
12/5/2005,499,23.790001,23.91,23.01,23.110001,15.441355,1376900
12/12/2005,500,23.18,23.65,22.82,23.059999,15.551025,2916600
12/19/2005,501,23.25,23.34,22.42,22.74,15.335234,1741900
12/26/2005,502,22.889999,23.049999,22.200001,22.4,15.105943,849300
1/2/2006,503,22.559999,23.15,22.24,22.950001,15.476851,1088100
1/9/2006,504,22.98,23.27,22.76,22.9,15.443134,1054100
1/16/2006,505,22.799999,23.17,22.6,22.82,15.389178,984600
1/23/2006,506,22.75,23.6,22.75,23.34,15.739856,1127400
1/30/2006,507,23.34,23.5,20.700001,22.129999,14.923862,3122200
2/6/2006,508,22.129999,22.139999,21.18,21.200001,14.296698,1813400
2/13/2006,509,21.200001,21.530001,20.76,21.34,14.391109,1471000
2/20/2006,510,21.309999,21.48,20.709999,21.370001,14.411339,1524900
2/27/2006,511,21.43,21.799999,21.040001,21.190001,14.289952,2560300
3/6/2006,512,21.24,21.25,20.23,20.639999,13.919044,2045400
3/13/2006,513,20.59,20.92,20,20.540001,14.000916,2132000
3/20/2006,514,20.549999,20.73,19.809999,20.4,13.905483,2135700
3/27/2006,515,20.4,20.77,20.23,20.59,14.035004,2360500
4/3/2006,516,21.5,22.23,21.440001,21.65,14.757542,3239300
4/10/2006,517,21.77,21.91,21.209999,21.65,14.757542,1720800
4/17/2006,518,21.73,22.889999,21.440001,22.440001,15.296041,1952800
4/24/2006,519,22.42,22.75,20.76,21.1,14.382636,3931700
5/1/2006,520,21.139999,21.41,20.610001,21.33,14.539416,2323000
5/8/2006,521,21.360001,21.440001,21,21.02,14.328107,2393700
5/15/2006,522,20.99,21.15,20.25,20.52,13.987287,1808300
5/22/2006,523,20.35,21.049999,20.209999,20.790001,14.171332,2066100
5/29/2006,524,20.73,20.809999,20.09,20.559999,14.014554,2028300
6/5/2006,525,20.48,20.719999,19.709999,20.16,13.741897,2831500
6/12/2006,526,20.01,20.07,19.030001,19.190001,13.080704,2735400
6/19/2006,527,19.25,19.440001,19.01,19.200001,13.231911,2505200
6/26/2006,528,19.23,19.950001,19.059999,19.690001,13.569601,1886400
7/3/2006,529,19.690001,20.17,19.530001,19.549999,13.473121,1747100
7/10/2006,530,19.639999,19.85,18.99,19.309999,13.307719,2071600
7/17/2006,531,19.25,19.790001,18.85,18.92,13.038951,1750900
7/24/2006,532,19,19.440001,17.059999,17.42,12.005207,4651500
7/31/2006,533,17.469999,17.93,17.1,17.620001,12.143039,3421700
8/7/2006,534,17.620001,17.799999,17.209999,17.26,11.894939,1856300
8/14/2006,535,17.209999,17.73,17.17,17.610001,12.136149,1802700
8/21/2006,536,17.530001,17.76,17.299999,17.52,12.074125,1234500
8/28/2006,537,17.57,18.360001,17.549999,18.27,12.590998,1310600
9/4/2006,538,18.299999,18.33,17.5,17.51,12.067231,1189200
9/11/2006,539,17.4,18.709999,17.280001,18.33,12.632342,2907500
9/18/2006,540,18.34,19.65,18.120001,19.030001,13.281631,2661300
9/25/2006,541,19.01,20.040001,18.93,19.459999,13.58174,1949000
10/2/2006,542,19.459999,20.389999,19.299999,20.07,14.00748,2119500
10/9/2006,543,20.09,20.99,19.959999,20.799999,14.516966,1871900
10/16/2006,544,20.799999,21.440001,20.75,21.379999,14.921764,2339700
10/23/2006,545,21.32,21.709999,21.1,21.16,14.768225,2496000
10/30/2006,546,21.07,21.35,20.35,20.809999,14.523945,1767300
11/6/2006,547,20.93,21.629999,20.700001,21.620001,15.089273,1668700
11/13/2006,548,21.52,21.940001,21.07,21.809999,15.221877,1862500
11/20/2006,549,21.82,21.879999,21.35,21.559999,15.047395,1435300
11/27/2006,550,21.440001,21.440001,20.809999,21.110001,14.733324,2137700
12/4/2006,551,20.99,21.4,20.68,20.799999,14.516966,1707000
12/11/2006,552,20.74,21.299999,20.66,21.24,14.980177,1424400
12/18/2006,553,21.24,21.639999,20.82,21.57,15.212919,1372200
12/25/2006,554,21.530001,22.629999,21.51,22.610001,15.946408,1794500
1/1/2007,555,22.700001,22.84,22.110001,22.299999,15.727774,1227400
1/8/2007,556,22.309999,23.290001,22.08,23.25,16.397791,1418000
1/15/2007,557,23.35,23.49,22.940001,23.4,16.503586,1094100
1/22/2007,558,23.42,23.469999,22.700001,23.059999,16.26379,1569600
1/29/2007,559,23.01,23.709999,21.559999,23.219999,16.376631,3603100
2/5/2007,560,23.190001,23.52,23,23.190001,16.355474,2043800
2/12/2007,561,23.25,24.030001,23.120001,23.9,16.856228,1875900
2/19/2007,562,23.84,24.59,23.74,24.09,16.990227,1629300
2/26/2007,563,24.1,24.1,22.799999,23.33,16.454212,2117100
3/5/2007,564,23.129999,23.9,22.9,23.870001,16.835066,1872600
3/12/2007,565,23.780001,24.07,22.969999,23.559999,16.616428,1941500
3/19/2007,566,23.709999,24.85,23.610001,24.620001,17.524403,1573500
3/26/2007,567,24.620001,25.190001,24.09,24.93,17.745058,1893200
4/2/2007,568,24.950001,25.09,24.66,24.870001,17.702347,1449200
4/9/2007,569,24.9,25.110001,24.52,24.99,17.787764,1176800
4/16/2007,570,25,26,24.85,25.9,18.435497,1623300
4/23/2007,571,25.809999,28.299999,25.43,27.950001,19.894672,4041000
4/30/2007,572,27.950001,28.66,27.57,28.48,20.271931,3034900
5/7/2007,573,28.48,28.73,27.91,28.24,20.101097,2286000
5/14/2007,574,28.200001,28.48,27.65,28.33,20.165161,3121900
5/21/2007,575,28.440001,28.48,27.77,28.110001,20.008564,5045000
5/28/2007,576,28.110001,29.209999,27.92,29.059999,20.684771,2506100
6/4/2007,577,28.92,29.459999,28.09,28.85,20.535294,2242400
6/11/2007,578,28.76,29.379999,28.07,29.15,20.748833,3010500
6/18/2007,579,29.200001,29.379999,28.15,28.309999,20.306257,2141700
6/25/2007,580,28.309999,29.6,27.870001,28.74,20.614689,3045000
7/2/2007,581,28.82,29.690001,28.82,29.65,21.267416,965900
7/9/2007,582,29.610001,29.83,28.67,29.120001,20.887259,2281900
7/16/2007,583,29.120001,29.24,27.940001,28.110001,20.162798,2805200
7/23/2007,584,28.17,28.290001,26.200001,26.889999,19.287712,3497100
7/30/2007,585,26.809999,33.360001,26.01,30.889999,22.156841,9222500
8/6/2007,586,31.700001,32.25,25.950001,29.809999,21.382181,9196600
8/13/2007,587,29.809999,31.1,28.15,29.68,21.288937,5072000
8/20/2007,588,29.68,31.5,29.35,31.5,22.594387,2126200
8/27/2007,589,31.370001,31.379999,29,30.790001,22.085117,2634100
9/3/2007,590,30.82,32.09,30.5,31.26,22.422241,2687800
9/10/2007,591,31.26,31.59,30.32,30.59,21.94166,3239300
9/17/2007,592,30.5,32,30.32,31.809999,22.97846,3355800
9/24/2007,593,31.620001,32,31.049999,31.49,22.747303,2036500
10/1/2007,594,31.5,34.43,31.4,34.209999,24.712135,4185700
10/8/2007,595,34.130001,36.07,34,35.599998,25.71623,2269500
10/15/2007,596,35.669998,36.580002,34.330002,35.560001,25.687334,3109100
10/22/2007,597,35.080002,36.740002,33.529999,35.049999,25.318922,4851900
10/29/2007,598,34.650002,36.099998,33.18,33.77,24.394302,5358400
11/5/2007,599,33.040001,33.860001,31.040001,31.98,23.101261,4472100
11/12/2007,600,31.9,33.98,31.559999,33.189999,23.975323,5449200
11/19/2007,601,33.009998,33.880001,31.790001,33.619999,24.285938,2584600
11/26/2007,602,33.669998,35.330002,33.540001,34.880001,25.196129,3401300
12/3/2007,603,34.130001,34.900002,33.349998,34.650002,25.029978,3143400
12/10/2007,604,34.650002,35.459999,32.509998,32.619999,23.71837,2951100
12/17/2007,605,32.439999,34.049999,31.41,33.700001,24.503653,4249700
12/24/2007,606,34.009998,34.299999,32.950001,33.060001,24.038296,1434700
12/31/2007,607,33.080002,33.41,30.209999,30.280001,22.01693,2517500
1/7/2008,608,30.299999,30.77,27.52,27.559999,20.039186,5060800
1/14/2008,609,27.700001,28.15,24.83,25.450001,18.50498,5183600
1/21/2008,610,24.5,29.1,23.6,28.1,20.43182,5170900
1/28/2008,611,28.1,38.869999,27.93,38.290001,27.841097,13030800
2/4/2008,612,38.290001,38.650002,34.93,35.450001,25.776094,6588500
2/11/2008,613,35.549999,39,34.889999,36.580002,26.597723,6587000
2/18/2008,614,37.029999,37.68,35.470001,36.43,26.488668,2534300
2/25/2008,615,36.330002,38.049999,36.200001,36.48,26.525019,4298300
3/3/2008,616,36.41,38.5,34.259998,34.869999,25.354366,5518700
3/10/2008,617,34.759998,37.09,34.349998,35.450001,25.776094,3724600
3/17/2008,618,35.310001,39,34.16,37.459999,27.412796,4597100
3/24/2008,619,37.450001,39.490002,37.029999,37.560001,27.485979,4828900
3/31/2008,620,37.759998,42.32,37.389999,41.5,30.369232,5473600
4/7/2008,621,41.490002,42.150002,39.959999,40.110001,29.352036,4049400
4/14/2008,622,39.889999,42,39.34,41.529999,30.391178,3056400
4/21/2008,623,41.130001,44.98,39.709999,41.720001,30.530222,7913800
4/28/2008,624,41.970001,41.970001,38.82,39.25,28.722698,5303400
5/5/2008,625,39.439999,40.080002,37.240002,38.84,28.422674,4661500
5/12/2008,626,39.080002,40.450001,38.16,38.880001,28.451935,3013200
5/19/2008,627,39.529999,39.529999,36.75,37.110001,27.156679,3763500
5/26/2008,628,37.049999,38.610001,35.299999,38.299999,28.027506,3692200
6/2/2008,629,38,39.849998,37.509998,37.509998,27.44939,4216500
6/9/2008,630,37.75,38.919998,36.360001,37.290001,27.288393,3090600
6/16/2008,631,37.09,38.049999,35.25,35.380001,26.040771,3066500
6/23/2008,632,35.490002,36.669998,33.299999,33.400002,24.583433,4451300
6/30/2008,633,33.439999,34.349998,31.639999,33,24.289017,3954400
7/7/2008,634,33.369999,35.349998,32.790001,34.950001,25.724276,6055500
7/14/2008,635,35.139999,37.09,34.139999,36.139999,26.600147,5594200
7/21/2008,636,36.419998,41.330002,35.099998,38.93,28.653679,6339000
7/28/2008,637,39.060001,39.98,37.709999,38.580002,28.396072,3312200
8/4/2008,638,38.580002,38.959999,37.139999,37.599998,27.674755,3278900
8/11/2008,639,37.619999,38.709999,36.57,38.419998,28.278303,4073300
8/18/2008,640,38.360001,38.830002,36.119999,37.040001,27.262589,2613600
8/25/2008,641,36.790001,36.790001,34.57,35.720001,26.291029,3567700
9/1/2008,642,35.970001,35.970001,32.189999,33.09,24.355259,3695100
9/8/2008,643,33.790001,34.189999,32.119999,33.610001,24.738005,5100700
9/15/2008,644,32.509998,34.310001,26.84,29.709999,22.013836,10246900
9/22/2008,645,29.25,29.4,27.42,28.41,21.050592,5765700
9/29/2008,646,27.860001,28.08,25.08,25.41,18.827719,5788900
10/6/2008,647,24.790001,25.52,18.719999,20.18,14.952517,7081800
10/13/2008,648,20.629999,23.030001,19.02,20.110001,14.900648,5538300
10/20/2008,649,20.5,22.49,18.52,21.26,15.752745,8285400
10/27/2008,650,20.860001,25.299999,20.41,25.299999,18.746212,6349200
11/3/2008,651,25.23,25.65,21.610001,23.370001,17.316168,4081200
11/10/2008,652,23.93,24.379999,18.620001,19.6,14.522762,4061700
11/17/2008,653,19.6,19.93,14.63,16.040001,11.884953,3887700
11/24/2008,654,16.26,19.67,16.030001,19.67,14.574626,3029100
12/1/2008,655,19.25,19.25,15.07,16.690001,12.366574,4559400
12/8/2008,656,17.040001,19.719999,16.959999,18.559999,13.920339,4478600
12/15/2008,657,18.559999,22.049999,17.58,21.5,16.125393,5624100
12/22/2008,658,21.5,21.530001,19.809999,20.76,15.570384,2047200
12/29/2008,659,20.83,23.200001,19.879999,23.030001,17.272924,2769200
1/5/2009,660,23.07,24.75,22.5,23.540001,17.655434,4562000
1/12/2009,661,23.6,23.6,20.26,21.4,16.050392,3561900
1/19/2009,662,20.950001,21.48,19.75,20.629999,15.472877,2693200
1/26/2009,663,20.75,23.82,20.26,20.559999,15.420375,4432200
2/2/2009,664,20.32,21.26,17.57,19.07,14.302848,7593700
2/9/2009,665,19,19.129999,17.74,18.190001,13.64283,3891400
2/16/2009,666,17.809999,17.809999,15.74,16.08,12.060293,3481200
2/23/2009,667,16.17,16.32,14.05,14.18,10.63526,5012000
3/2/2009,668,13.94,13.94,10.91,11.4,8.550208,5061000
3/9/2009,669,11.4,13.3,11.22,13,9.750237,3793400
3/16/2009,670,13.16,14.5,12.67,13.13,10.037954,6249200
3/23/2009,671,13.49,17,13.27,16.719999,12.782526,6185600
3/30/2009,672,16.290001,19.469999,15.8,19.440001,14.861977,5095500
4/6/2009,673,19.09,21.09,18.870001,21.049999,16.092829,3547900
4/13/2009,674,20.530001,22.040001,20.129999,21.870001,16.719725,4248100
4/20/2009,675,21.52,26.379999,20.120001,24.969999,19.089693,8580700
4/27/2009,676,24.219999,26.26,23.07,25.610001,19.578972,4429200
5/4/2009,677,25.66,26.49,24.790001,25.219999,19.280817,3324100
5/11/2009,678,24.610001,24.67,22.51,23.049999,17.621845,3724100
5/18/2009,679,23.290001,25.469999,23.15,23.360001,17.858839,4558100
5/25/2009,680,23.129999,25.15,23.059999,24.32,18.592762,2758500
6/1/2009,681,24.860001,27.190001,24.809999,26.690001,20.404644,3270700
6/8/2009,682,26.719999,27.629999,25.83,26.370001,20.160002,3196200
6/15/2009,683,25.98,26.200001,24.209999,24.4,18.811464,2743500
6/22/2009,684,24.129999,26.4,23.48,26.24,20.230032,4005900
6/29/2009,685,26.059999,27,25.559999,25.709999,19.821419,1894900
7/6/2009,686,25.48,26.290001,25.01,25.65,19.775164,2001100
7/13/2009,687,25.780001,29.299999,25.27,29.110001,22.442688,2262500
7/20/2009,688,29.209999,36,28.860001,34.060001,26.258953,8052700
7/27/2009,689,34.009998,34.450001,33.380001,34.07,26.266659,5124900
8/3/2009,690,34.439999,34.580002,31.58,32.200001,24.824963,6000500
8/10/2009,691,32.110001,34.049999,31.57,33.91,26.143309,4076800
8/17/2009,692,33.470001,37.349998,33.060001,37.240002,28.710606,3781000
8/24/2009,693,37.389999,38.720001,36.630001,37.419998,28.849386,4490000
8/31/2009,694,36.970001,38.34,35.369999,37.759998,29.1115,4587100
9/7/2009,695,38.169998,40.939999,38.169998,40.73,31.585835,4199900
9/14/2009,696,40.529999,40.77,39.689999,40.060001,31.066256,3404500
9/21/2009,697,39.759998,40.650002,38.5,38.740002,30.042597,2470300
9/28/2009,698,39.029999,40.810001,37.490002,38.389999,29.771177,2704200
10/5/2009,699,38.330002,40.990002,38.299999,40.950001,31.756428,2550200
10/12/2009,700,41.009998,44.310001,40.970001,43.240002,33.532326,4129900
10/19/2009,701,43.5,48.73,43.349998,46.259998,35.874306,8037500
10/26/2009,702,46.369999,47.619999,44.580002,45.02,34.912693,5771800
11/2/2009,703,45.150002,46.220001,44.16,45.75,35.478809,5233600
11/9/2009,704,46.029999,49.68,46,47.389999,36.750607,4159700
11/16/2009,705,47.93,49.200001,45.880001,46.490002,36.05267,3131800
11/23/2009,706,47.259998,49.360001,46.779999,47.349998,36.719597,2197600
11/30/2009,707,47.400002,50.200001,46.330002,49.049999,38.037933,5495700
12/7/2009,708,49.23,49.5,47.09,47.959999,37.391071,4560600
12/14/2009,709,48.68,49.43,44.93,45.369999,35.37183,6768900
12/21/2009,710,45.59,47.5,45.060001,47.139999,36.751762,1906300
12/28/2009,711,47.080002,48.07,46.5,46.57,36.307381,1568800
1/4/2010,712,47.209999,49.220001,47.099998,47.799999,37.266323,3089700
1/11/2010,713,47.57,47.57,43.599998,44.139999,34.41288,5260900
1/18/2010,714,44.220001,45.25,41.639999,42.360001,33.025139,3428700
1/25/2010,715,42.75,43.360001,41.439999,42.459999,33.103104,3446000
2/1/2010,716,42.700001,47.09,42.32,43.400002,33.835964,6333000
2/8/2010,717,43.400002,44.240002,42.540001,43.5,33.913918,3676500
2/15/2010,718,43.82,45.75,43.080002,45.560001,35.519966,2243100
2/22/2010,719,45.959999,46.869999,44.509998,46.73,36.432121,2646800
3/1/2010,720,46.830002,47.75,46.580002,47.360001,36.923286,3089400
3/8/2010,721,47.459999,48.689999,47.060001,48.549999,37.851048,2741200
3/15/2010,722,48.57,49.509998,46.599998,46.810001,36.494484,3255500
3/22/2010,723,46.630001,48.880001,46.43,47.77,37.434555,2977500
3/29/2010,724,47.900002,49.900002,47.790001,48.68,38.147675,1657200
4/5/2010,725,48.759998,50.630001,47.259998,47.849998,37.497234,4458600
4/12/2010,726,47.970001,48.540001,47.34,47.790001,37.450226,3192800
4/19/2010,727,47.740002,54.150002,46.470001,53.029999,41.556515,7238500
4/26/2010,728,53.369999,53.369999,50.759998,51.07,40.020569,4849700
5/3/2010,729,51.139999,52.25,42.990002,43.5,34.088406,7899200
5/10/2010,730,46,47.98,44.93,45.66,35.781071,6458600
5/17/2010,731,45.860001,46.77,40.689999,41.619999,32.615158,7071300
5/24/2010,732,41.400002,43.639999,38.259998,42.490002,33.296928,6740900
5/31/2010,733,42,42.139999,38.360001,38.48,30.15453,4265800
6/7/2010,734,38.57,40.48,36.189999,40.040001,31.377016,6510700
6/14/2010,735,40.93,41.549999,39.220001,41,32.129303,5139600
6/21/2010,736,41.439999,41.990002,38.279999,40.09,31.606771,10273400
6/28/2010,737,39.990002,40.68,38.040001,38.700001,30.51091,5074900
7/5/2010,738,39.349998,41.830002,37.900002,41.48,32.702637,3034800
7/12/2010,739,41.389999,43.959999,40.970001,42.689999,33.656601,4004200
7/19/2010,740,42.950001,43.540001,36.119999,40.529999,31.953669,12402000
7/26/2010,741,40.34,41.049999,38.84,39.389999,31.054892,3591400
8/2/2010,742,40.049999,40.959999,39.369999,40.610001,32.016743,3944800
8/9/2010,743,40.73,42.220001,39.720001,40.259998,31.740807,4416800
8/16/2010,744,40.110001,42.209999,39.93,40.75,32.12711,3252100
8/23/2010,745,41.02,41.23,38.900002,40.080002,31.598898,3276600
8/30/2010,746,39.990002,42.700001,39.110001,42.509998,33.514683,2125700
9/6/2010,747,42.439999,43.040001,41.509998,42.919998,33.837936,1644600
9/13/2010,748,43.380001,44,42.299999,43.32,34.153294,1826200
9/20/2010,749,43.540001,44.27,42.759998,44.040001,34.924171,2868400
9/27/2010,750,44.040001,46.43,43.32,45.77,36.296078,2737600
10/4/2010,751,45.73,48.66,45.130001,48.389999,38.373764,2720100
10/11/2010,752,48.41,50.459999,48.07,49.169998,38.992321,2253100
10/18/2010,753,49.34,49.490002,45.029999,47.299999,37.509384,6797700
10/25/2010,754,47.5,47.970001,44.759998,44.810001,35.534794,2599600
11/1/2010,755,44.950001,48.299999,44.759998,46.830002,37.136665,4072900
11/8/2010,756,46.75,47.959999,46.73,46.959999,37.239761,2095800
11/15/2010,757,47.240002,48.310001,45.849998,48.200001,38.223103,1709900
11/22/2010,758,47.77,48.43,46.91,47,37.271477,1460500
11/29/2010,759,46.779999,48.310001,46.119999,48.040001,38.096214,2015100
12/6/2010,760,47.919998,48.310001,47.130001,47.869999,37.961395,2243200
12/13/2010,761,48,48.040001,45.959999,47.740002,37.858311,2656100
12/20/2010,762,47.830002,48.639999,47.310001,48.209999,38.474331,1656600
12/27/2010,763,48.009998,48.32,47.59,47.669998,38.043377,972400
1/3/2011,764,48,49.43,46.900002,47.119999,37.604446,3299600
1/10/2011,765,47,47.849998,46.080002,47.27,37.724159,2714600
1/17/2011,766,47.18,47.540001,46.02,46.200001,36.870235,1421800
1/24/2011,767,46.290001,47.049999,45.549999,45.630001,36.41534,2367500
1/31/2011,768,45.720001,55.369999,45.18,53.77,42.911522,8116400
2/7/2011,769,53.610001,55.43,53.610001,55.27,44.10862,4853300
2/14/2011,770,55,55.41,53.990002,55.189999,44.044769,2937200
2/21/2011,771,54.439999,54.77,52.380001,54,43.095078,2466700
2/28/2011,772,54.189999,57.689999,52.52,56.490002,45.082241,4789400
3/7/2011,773,56.490002,58.790001,55.869999,58.610001,46.774124,3678600
3/14/2011,774,57.959999,58.91,56.32,56.82,45.345596,3416600
3/21/2011,775,57.799999,58.68,56.950001,57.139999,45.83762,2599300
3/28/2011,776,57.580002,60.57,57.139999,59.41,47.658604,2141400
4/4/2011,777,59.669998,60.110001,58.080002,58.73,47.11311,2049700
4/11/2011,778,58.549999,60.509998,57.580002,59.75,47.931366,2278300
4/18/2011,779,58.68,61.66,57.389999,61.110001,49.022343,1631100
4/25/2011,780,61.049999,65.839996,60.790001,63.669998,51.075977,3303500
5/2/2011,781,63.720001,64.349998,61.799999,64.199997,51.501137,3721400
5/9/2011,782,64.5,66.82,63.689999,63.700001,51.100037,3303600
5/16/2011,783,63.52,63.919998,61.07,62.470001,50.113338,2497000
5/23/2011,784,61.57,65.690002,61.490002,65.019997,52.158936,2231300
5/30/2011,785,65.5,66.220001,62.57,63.380001,50.843342,4098600
6/6/2011,786,63.119999,64.360001,62.02,62.330002,50.001022,2749500
6/13/2011,787,62.5,64.209999,60.580002,62.66,50.265751,2867700
6/20/2011,788,62.43,67.760002,62.27,64.830002,52.260082,3544000
6/27/2011,789,65.099998,69.639999,64.589996,69.599998,56.10524,2476000
7/4/2011,790,69.599998,71.540001,68.839996,71.449997,57.596531,1793500
7/11/2011,791,70.559998,70.730003,68.07,69.730003,56.210018,2467900
7/18/2011,792,69.360001,70.889999,68.099998,70.809998,57.080631,1490500
7/25/2011,793,69.879997,71.989998,60.830002,62.490002,50.373798,6669700
8/1/2011,794,63.77,64.059998,55,56.470001,45.521015,5486300
8/8/2011,795,54.330002,64.639999,52.5,64.019997,51.607132,8138300
8/15/2011,796,64.610001,65.25,59.009998,59.740002,48.156998,4877100
8/22/2011,797,61.799999,65,59.16,64.75,52.195602,2528100
8/29/2011,798,65.529999,67.610001,63.279999,63.880001,51.494289,3854000
9/5/2011,799,62.139999,66.940002,61.32,61.970001,49.954624,2399500
9/12/2011,800,60.860001,63.689999,59.529999,61.599998,49.656345,4642200
9/19/2011,801,60.439999,62.830002,53.869999,55.630001,45.064281,3852500
9/26/2011,802,55.66,59.630001,53.720001,53.740002,43.533241,3123000
10/3/2011,803,53,54.77,49.860001,52.169998,42.261433,4958000
10/10/2011,804,53.220001,57.720001,53.209999,57.419998,46.514305,3066000
10/17/2011,805,57.279999,57.959999,54.16,56.380001,45.671844,2816400
10/24/2011,806,56.57,61.349998,56.02,59.470001,48.17495,4557800
10/31/2011,807,58.349998,58.470001,53.619999,55.43,44.902264,3260100
11/7/2011,808,55.049999,56.34,52.900002,55.700001,45.120995,3026000
11/14/2011,809,55.380001,55.84,54.25,54.959999,44.521526,3133200
11/21/2011,810,54.09,54.950001,52.779999,53.099998,43.014801,1878800
11/28/2011,811,54.889999,59.450001,54.580002,57.459999,46.546711,2939400
12/5/2011,812,58.360001,58.360001,55.389999,56.689999,45.922951,2801400
12/12/2011,813,55.82,56.400002,53.869999,54.27,43.962578,3411700
12/19/2011,814,54.619999,56.119999,53,56.110001,45.704521,1747800
12/26/2011,815,56,57.380001,55.669998,55.970001,45.590477,1217600
1/2/2012,816,56.790001,56.970001,54.880001,55.639999,45.321678,1260500
1/9/2012,817,55.799999,56.91,55.330002,56.849998,46.307285,1792100
1/16/2012,818,57.25,59.709999,56.869999,59.18,48.205189,1171100
1/23/2012,819,59.169998,64.25,58.990002,64.059998,52.180199,2242700
1/30/2012,820,63.490002,64.449997,59.650002,61.369999,49.989052,5823300
2/6/2012,821,60.970001,63.09,60.650002,61.860001,50.388187,2605100
2/13/2012,822,62.330002,62.68,60.93,61.209999,49.858723,2574200
2/20/2012,823,61.259998,62.98,60.650002,62.130001,50.608116,1906800
2/27/2012,824,61.66,63.849998,61.110001,62.400002,50.828049,2501000
3/5/2012,825,62.279999,64,60.759998,64,52.131329,1899000
3/12/2012,826,63.790001,64.989998,62.939999,62.98,51.300491,1951600
3/19/2012,827,62.970001,63.68,61.860001,63.200001,51.773487,1360100
3/26/2012,828,63.650002,63.84,61.939999,63.5,52.019238,1596400
4/2/2012,829,63.5,64.360001,62.16,62.810001,51.453999,1677600
4/9/2012,830,62.150002,63.189999,60.110001,60.43,49.504295,2695700
4/16/2012,831,60.73,61.950001,60.07,61.66,50.511921,2455700
4/23/2012,832,60.939999,64.629997,60.049999,62.73,51.388458,3068200
4/30/2012,833,62.599998,63.09,59.299999,59.48,48.726055,2509900
5/7/2012,834,59.150002,59.549999,57.220001,58.650002,48.046124,2822800
5/14/2012,835,58.049999,58.209999,52.82,52.93,43.360298,3585200
5/21/2012,836,52.990002,55.16,52.299999,54.169998,44.376102,2277000
5/28/2012,837,54.5,54.939999,51.560001,51.599998,42.27076,2756400
6/4/2012,838,51.580002,54.419998,51.279999,54.18,44.384296,2180800
6/11/2012,839,54.529999,54.689999,52.860001,53.720001,44.007465,1797200
6/18/2012,840,53.060001,55.09,52.830002,53.18,43.565098,1901000
6/25/2012,841,52.470001,54.91,52.169998,54.759998,45.162086,1432900
7/2/2012,842,54.720001,56.07,54.57,55.259998,45.574444,896700
7/9/2012,843,55.119999,55.57,52.439999,53.610001,44.213646,1293500
7/16/2012,844,53.580002,56.09,53.049999,54.900002,45.277542,1249000
7/23/2012,845,54.049999,54.82,51.240002,53.41,44.048702,2098400
7/30/2012,846,53.240002,54.099998,50.900002,51.98,42.869339,1521500
8/6/2012,847,51.919998,53.84,51.790001,53.75,44.329105,1796300
8/13/2012,848,53.779999,54.349998,53.330002,54.209999,44.708477,1755800
8/20/2012,849,54.220001,54.919998,53.369999,54,44.535294,1386100
8/27/2012,850,54.18,54.540001,52.360001,53.48,44.106434,1640600
9/3/2012,851,53.389999,55.439999,53.040001,55.09,45.434238,1219200
9/10/2012,852,55.110001,58.080002,55.02,57.669998,47.562038,1735200
9/17/2012,853,57.209999,57.419998,55.41,55.450001,45.73114,1516300
9/24/2012,854,55.310001,56.119999,53.310001,53.59,44.474777,1661700
10/1/2012,855,53.560001,55.25,52.799999,54.68,45.379383,1528200
10/8/2012,856,54.490002,55.869999,54.040001,54.220001,44.997623,1601100
10/15/2012,857,54.400002,57.189999,54.25,55.369999,45.952011,1773800
10/22/2012,858,55.110001,60.610001,53.93,58.16,48.267467,2854600
10/29/2012,859,57.830002,63.59,57.790001,61.73,51.230236,1823300
11/5/2012,860,61.779999,63.25,60.41,61.830002,51.313225,2410200
11/12/2012,861,61.82,63.02,61.150002,62.490002,51.860966,2660600
11/19/2012,862,63.150002,65.050003,62.970001,64.900002,53.861038,1281600
11/26/2012,863,64.580002,65.199997,62.98,64.849998,53.81955,1901000
12/3/2012,864,65,66.489998,63.91,65.209999,54.118317,2935600
12/10/2012,865,65.089996,67.82,64.739998,65.760002,54.574764,2362000
12/17/2012,866,65.629997,65.900002,63.450001,63.529999,52.724072,3305700
12/24/2012,867,63.740002,63.740002,62.080002,62.669998,52.296635,1091800
12/31/2012,868,62.400002,65.919998,62.169998,64.839996,54.107452,1700200
1/7/2013,869,64.870003,65.18,63.810001,64,53.40649,2367000
1/14/2013,870,64,67.889999,63.919998,67.639999,56.443996,1884700
1/21/2013,871,67.660004,69.900002,67.150002,69.879997,58.313217,1755300
1/28/2013,872,70,77.389999,69.379997,76.769997,64.062767,4178500
2/4/2013,873,76.400002,77.279999,75.220001,76.400002,63.754002,2825300
2/11/2013,874,76.400002,77.839996,75.220001,77.199997,64.421585,2086800
2/18/2013,875,77.239998,79.940002,76.129997,77.839996,64.95565,3089700
2/25/2013,876,78.059998,79.660004,76.699997,77.720001,64.855492,2517600
3/4/2013,877,77.599998,80.980003,77.599998,79.25,66.132263,3463700
3/11/2013,878,77.599998,79.07,75.349998,78.480003,65.489708,4773000
3/18/2013,879,76.610001,80.589996,76.410004,80.440002,67.125305,3438200
3/25/2013,880,80.75,82.279999,80.260002,81.739998,68.753273,1859500
4/1/2013,881,81.739998,82.339996,78.110001,79.639999,66.986908,2151600
4/8/2013,882,79.690002,83.25,79.290001,82.760002,69.611198,1988700
4/15/2013,883,82.580002,82.800003,80.029999,81.5,68.551407,2258300
4/22/2013,884,81.449997,84.120003,79.580002,83,69.813095,3596600
4/29/2013,885,83.139999,83.400002,78.830002,80.25,67.5,4188700
5/6/2013,886,80.339996,82.779999,79.260002,82.32,69.241119,3181600
5/13/2013,887,82.32,84.239998,81.349998,84.239998,70.856064,2264500
5/20/2013,888,83.790001,85.220001,80.849998,82.720001,69.57756,1880200
5/27/2013,889,83.57,84.489998,80.949997,80.980003,68.114029,1514400
6/3/2013,890,81.190002,82.970001,79.720001,82.870003,69.703735,1726300
6/10/2013,891,83.18,83.529999,79.080002,80.629997,67.819618,1976000
6/17/2013,892,80.739998,81.209999,74.019997,75.529999,63.529907,2989800
6/24/2013,893,74.669998,78.57,73.07,77.690002,65.853096,3054900
7/1/2013,894,78.339996,81.230003,76.18,80.220001,67.997612,2119100
7/8/2013,895,80.639999,81.739998,79.610001,80.080002,67.878952,2389700
7/15/2013,896,80.330002,80.480003,77.82,78.529999,66.565094,3145700
7/22/2013,897,79,83.989998,78.269997,83.150002,70.481209,3507700
7/29/2013,898,82.75,87.599998,82.18,85.660004,72.608788,2470300
8/5/2013,899,85.639999,86.449997,84.769997,86.32,73.168221,1565700
8/12/2013,900,85.709999,88.18,85.620003,86.199997,73.066498,1985400
8/19/2013,901,86.260002,86.309998,82.040001,84.580002,71.693336,2127000
8/26/2013,902,84.580002,84.870003,80.529999,80.769997,68.463821,2028700
9/2/2013,903,81.720001,82.860001,80.599998,82.160004,69.642052,1493700
9/9/2013,904,82.269997,85.18,82.199997,85,72.049339,1425400
9/16/2013,905,85.389999,87.989998,84.809998,85.849998,72.769836,2143800
9/23/2013,906,85.940002,87.760002,84.809998,86.900002,74.201088,1783500
9/30/2013,907,86.199997,87.75,85.290001,87.559998,74.764648,2898500
10/7/2013,908,87.089996,88.120003,84.379997,88.059998,75.191582,1403300
10/14/2013,909,87.580002,92.940002,86.769997,92.629997,79.093735,2197000
10/21/2013,910,93.040001,94.980003,87.540001,88.93,75.934441,3250200
10/28/2013,911,89.160004,91.400002,88.980003,90.940002,77.650719,1695400
11/4/2013,912,91.529999,91.809998,85.07,86.510002,73.868088,2226000
11/11/2013,913,87.139999,91.110001,86.709999,90.57,77.334785,1651800
11/18/2013,914,90.580002,91.540001,88.870003,91.449997,78.086182,1345200
11/25/2013,915,91.480003,92.879997,91.050003,91.339996,77.992241,911300
12/2/2013,916,91.389999,93.330002,89.690002,93.269997,79.640236,1440300
12/9/2013,917,93.610001,94.650002,92.800003,93.239998,79.614624,1801300
12/16/2013,918,93.080002,95.720001,91.639999,95.290001,81.365021,3199600
12/23/2013,919,96.160004,97.139999,94.440002,94.910004,81.583046,931300
12/30/2013,920,95.389999,96.220001,92.089996,93.339996,80.233505,1307600
1/6/2014,921,93.580002,93.580002,89.489998,90.120003,77.465652,2914800
1/13/2014,922,89.910004,91.57,88.849998,89.919998,77.293716,2183400
1/20/2014,923,90.779999,90.900002,80.459999,81,69.626259,4262100
1/27/2014,924,80.940002,84.459999,76.879997,78.360001,67.356949,6694000
2/3/2014,925,78.099998,78.260002,74.650002,77.150002,66.316833,4274700
2/10/2014,926,77.099998,79.330002,76.410004,77.739998,66.824005,3798000
2/17/2014,927,78.370003,78.970001,76.870003,77.620003,66.720871,2157500
2/24/2014,928,77.959999,79.720001,77.029999,78.599998,67.563248,3024700
3/3/2014,929,78.169998,81.589996,77.730003,80.940002,69.574677,2865600
3/10/2014,930,80.629997,82.199997,79.540001,81.419998,69.987274,2229700
3/17/2014,931,81.029999,83.529999,80.739998,82.129997,70.597572,2109500
3/24/2014,932,82.760002,83.199997,80.68,82.25,71.296173,2211000
3/31/2014,933,82.940002,84.989998,82.330002,82.989998,71.937622,2130400
4/7/2014,934,82.989998,84.860001,81.110001,83.720001,72.570389,2861300
4/14/2014,935,84.080002,86.440002,83.660004,86.32,74.82415,1680400
4/21/2014,936,86.5,89.57,83.940002,84.610001,73.341881,3358700
4/28/2014,937,84.959999,85.839996,83.330002,84.389999,73.151176,2357900
5/5/2014,938,84,84.470001,81.949997,84.279999,73.055817,2175600
5/12/2014,939,84.730003,85.529999,83.010002,83.800003,72.639763,1749200
5/19/2014,940,83.830002,85.339996,83.559998,85.290001,73.931313,1116500
5/26/2014,941,85.449997,85.699997,83.610001,83.720001,72.570389,1085600
6/2/2014,942,84.080002,84.099998,82.260002,83.769997,72.613747,2087900
6/9/2014,943,83.900002,84.269997,81.980003,83.220001,72.137001,1732700
6/16/2014,944,82.57,83.650002,81.029999,83.419998,72.310356,1845000
6/23/2014,945,83.480003,85.099998,82.5,82.919998,72.469101,2344000
6/30/2014,946,82.959999,85.610001,82.510002,85.550003,74.767632,1553600
7/7/2014,947,85.339996,85.82,84.050003,84.839996,74.147125,1278100
7/14/2014,948,85.010002,85.279999,82.550003,83.75,73.194481,1158000
7/21/2014,949,83.449997,85.059998,73.699997,74.040001,64.708305,6342100
7/28/2014,950,74.050003,74.449997,71.900002,73.199997,63.974171,5559600
8/4/2014,951,73.029999,74.800003,72.25,74.529999,65.136543,3405700
8/11/2014,952,74.709999,74.730003,73.110001,73.489998,64.227615,2639600
8/18/2014,953,74.040001,74.449997,73.349998,73.910004,64.594696,1612300
8/25/2014,954,74.120003,74.5,72.580002,73.260002,64.026596,2064400
9/1/2014,955,73.169998,76.080002,72.57,75.510002,65.993011,2453500
9/8/2014,956,75.32,75.5,73.309998,74.139999,64.795685,1660400
9/15/2014,957,74.139999,74.330002,72.339996,72.550003,63.406101,1780000
9/22/2014,958,72.459999,72.769997,69.839996,70.290001,61.999813,1831300
9/29/2014,959,69.669998,70.650002,68.589996,70.110001,61.841038,2276900
10/6/2014,960,70.279999,70.540001,68.199997,68.260002,60.20924,1795100
10/13/2014,961,68.300003,69.370003,66.860001,68.610001,60.517967,2518800
10/20/2014,962,68.610001,71.57,61.650002,64.099998,56.539879,6587600
10/27/2014,963,63.759998,64.599998,63.02,63.75,56.231163,2758300
11/3/2014,964,63.709999,64.25,62.630001,63.540001,56.045937,2443500
11/10/2014,965,63.650002,65.919998,63.650002,64.349998,56.760395,2654200
11/17/2014,966,64.290001,67.32,64.269997,66.550003,58.70092,2591300
11/24/2014,967,66.870003,67.370003,65.75,67.25,59.318363,1622400
12/1/2014,968,67.160004,67.190002,63.389999,65.019997,57.351372,3213700
12/8/2014,969,65,65.209999,62.919998,63.16,55.710743,2094800
12/15/2014,970,63.639999,63.68,58.189999,62.639999,55.252075,5546600
12/22/2014,971,62.860001,64.239998,62.700001,63.68,56.786564,1885400
12/29/2014,972,63.68,64.610001,61.779999,62.400002,55.645126,1607000
1/5/2015,973,62.02,62.91,59.52,61.689999,55.011982,2773200
1/12/2015,974,61.93,63.290001,60.080002,61.59,54.922806,2875800
1/19/2015,975,62.029999,62.82,60.869999,61.380001,54.735542,1773700
1/26/2015,976,61.43,68.400002,59.349998,67.610001,60.291138,7212600
2/2/2015,977,67.93,71.25,67.220001,70.199997,62.600773,2964500
2/9/2015,978,70.190002,72.650002,70.190002,72.529999,64.678528,1940600
2/16/2015,979,72.389999,72.790001,71.559998,72.610001,64.749878,1111700
2/23/2015,980,72.610001,72.93,71.379997,71.400002,63.670868,1701000
3/2/2015,981,71.400002,71.830002,67.300003,67.769997,60.433819,2399200
3/9/2015,982,67.93,68.230003,65.75,66.459999,59.265629,2950100
3/16/2015,983,66,68.290001,66,67.959999,60.603249,4590300
3/23/2015,984,67.959999,71.699997,67.849998,70.25,63.292942,3731900
3/30/2015,985,70.419998,70.779999,68.290001,69.32,62.455051,2578600
4/6/2015,986,68.849998,70.339996,68.57,68.769997,61.959518,2184900
4/13/2015,987,68.800003,69.389999,66.970001,67.360001,60.689159,2910400
4/20/2015,988,67.879997,69.860001,65.389999,66.419998,59.842239,5251400
4/27/2015,989,66.419998,68,66.110001,66.830002,60.211643,2695400
5/4/2015,990,66.800003,67.160004,65.080002,66.550003,59.959373,1840700
5/11/2015,991,66.57,67.370003,65.790001,67.059998,60.418865,1886000
5/18/2015,992,67.120003,67.730003,66.25,67.279999,60.617077,1411600
5/25/2015,993,67.239998,67.290001,65.529999,65.739998,59.229584,1139700
6/1/2015,994,65.739998,66.629997,65.019997,66.129997,59.580959,1715000
6/8/2015,995,66.199997,67.190002,66,66.669998,60.067486,1671500
6/15/2015,996,66.290001,67.589996,64.349998,66.959999,60.328773,1764300
6/22/2015,997,67.25,67.739998,66.440002,67.360001,61.325329,2190300
6/29/2015,998,66.769997,67.349998,64.339996,65.209999,59.367947,1884600
7/6/2015,999,64.800003,65.610001,63.32,64.959999,59.140335,2008800
7/13/2015,1000,65.349998,66.68,64.400002,64.529999,58.748863,1182200
7/20/2015,1001,64.559998,65.099998,56.66,59.540001,54.205914,5659400
7/27/2015,1002,59.25,59.25,57.330002,58.470001,53.23177,2831200
8/3/2015,1003,58.540001,59.110001,56.959999,57.150002,52.030025,2283900
8/10/2015,1004,57.290001,58.09,53.650002,55.080002,50.14547,4067400
8/17/2015,1005,55.099998,55.93,51.720001,52.529999,47.823921,3820700
8/24/2015,1006,49.880001,51.580002,47.849998,51.27,46.676804,5449700
8/31/2015,1007,51.23,52.740002,48.919998,51.779999,47.141113,4135800
9/7/2015,1008,52.700001,53.139999,50.720001,51.720001,47.086491,2320100
9/14/2015,1009,51.619999,53.150002,50.82,50.959999,46.394581,2895000
9/21/2015,1010,51.169998,51.779999,48.43,50.060001,46.175236,2705800
9/28/2015,1011,49.759998,50.57,48.73,50.560001,46.636429,3231800
10/5/2015,1012,51.029999,55.419998,50.509998,55.060001,50.78722,3826300
10/12/2015,1013,55.169998,55.68,53.75,55.619999,51.303761,2611600
10/19/2015,1014,55.490002,62.02,54.77,60,55.343864,5829400
10/26/2015,1015,60,60.23,57.740002,58.869999,54.301556,2843600
11/2/2015,1016,58.900002,60.459999,57.860001,58.029999,53.526737,2429500
11/9/2015,1017,58.080002,58.34,55.459999,55.549999,51.239197,2233000
11/16/2015,1018,55.450001,56.73,54.049999,56.099998,51.74651,3503900
11/23/2015,1019,56.16,57.860001,56.07,57.599998,53.130108,1327100
11/30/2015,1020,57.509998,57.509998,54.799999,56.139999,51.783409,2431200
12/7/2015,1021,56.07,57.98,54.830002,55.119999,50.842564,2620400
12/14/2015,1022,54.990002,57.130001,54,54.259998,50.049301,3288900
12/21/2015,1023,54.450001,56.369999,53.82,55.889999,52.191349,1575000
12/28/2015,1024,55.700001,56.950001,55.400002,55.650002,51.967239,1467300
1/4/2016,1025,54.619999,55.950001,50.470001,50.57,47.223415,3093300
1/11/2016,1026,50.75,50.970001,48.869999,50.16,46.840546,2365100
1/18/2016,1027,50.610001,50.740002,47.02,49.889999,46.588409,2707000
1/25/2016,1028,49.490002,51.509998,42.599998,46.43,43.357388,11516900
2/1/2016,1029,46.029999,49.59,44.400002,49.389999,46.121506,4728900
2/8/2016,1030,48.91,49.400002,46.049999,48.07,44.888855,3971500
2/15/2016,1031,48.549999,50.029999,48.27,49.599998,46.317604,3746700
2/22/2016,1032,49.900002,52.669998,47.279999,49.740002,46.448341,5963200
2/29/2016,1033,49.77,56.330002,49.740002,55.130001,51.481647,3428300
3/7/2016,1034,55.080002,56.75,53.119999,55.450001,51.780468,4006000
3/14/2016,1035,55.779999,58.130001,53.59,57.849998,54.021641,4702300
3/21/2016,1036,57.849998,58.299999,53.98,55.389999,52.364986,3039800
3/28/2016,1037,55.740002,58.220001,55.5,58.009998,54.841904,3510500
4/4/2016,1038,57.990002,58.459999,56.619999,57.419998,54.28413,2286500
4/11/2016,1039,57.77,61.66,57.529999,61.580002,58.216938,3486600
4/18/2016,1040,61.299999,62.400002,56.93,58.34,55.153885,5384700
4/25/2016,1041,58.07,60.32,57.169998,58.07,54.898632,2888000
5/2/2016,1042,58.32,58.32,55.779999,56.66,53.565632,2958900
5/9/2016,1043,56.59,56.709999,54.41,54.560001,51.580318,3097000
5/16/2016,1044,54.66,55.16,53.32,54.330002,51.362881,2240000
5/23/2016,1045,54.369999,57.07,54.369999,56.5,53.414371,2314400
5/30/2016,1046,56.669998,57.869999,56.040001,57.57,54.425934,1839600
6/6/2016,1047,57.560001,59,57.459999,57.740002,54.586651,1680300
6/13/2016,1048,57.459999,57.830002,54.029999,56.369999,53.29147,2853500
6/20/2016,1049,57.029999,59.900002,52.639999,53.150002,50.86208,4861300
6/27/2016,1050,52.459999,57.209999,50.43,56.279999,53.857342,4762100
7/4/2016,1051,55.919998,57.32,53.48,57.220001,54.756886,2118300
7/11/2016,1052,57.540001,60.080002,57.209999,59.93,57.350227,2746800
7/18/2016,1053,59.73,63.900002,57.619999,62.669998,59.972279,5743500
7/25/2016,1054,62.389999,62.93,61.84,62.68,59.981846,2126300
8/1/2016,1055,62.470001,64.019997,61.169998,63.939999,61.187611,2349300
8/8/2016,1056,63.790001,65,63.549999,64.699997,61.914894,2597400
8/15/2016,1057,65,65.760002,64.470001,65.349998,62.536915,1929100
8/22/2016,1058,65.150002,66.900002,64.599998,65.760002,62.929268,1926900
8/29/2016,1059,65.959999,66.360001,64.510002,65.349998,62.536915,1950200
9/5/2016,1060,65.650002,65.650002,63.5,63.529999,60.795254,1398000
9/12/2016,1061,63.029999,64.540001,62.349998,62.959999,60.249794,1936300
9/19/2016,1062,63.310001,65.360001,62.459999,64.309998,62.200191,3152300
9/26/2016,1063,63.959999,66.040001,63.009998,65.370003,63.225418,1939100
10/3/2016,1064,65.099998,66.669998,64.980003,65.279999,63.138367,2689900
10/10/2016,1065,65.709999,66.300003,63.290001,64.470001,62.354946,1800300
10/17/2016,1066,64.389999,65.300003,59.5,60.669998,58.679611,3995900
10/24/2016,1067,61.380001,61.52,59.139999,59.75,57.789791,2185100
10/31/2016,1068,59.98,60.169998,58.240002,58.279999,56.368019,1916900
11/7/2016,1069,59.400002,61.099998,57.549999,58.610001,56.687195,3278600
11/14/2016,1070,58.84,59.509998,58.029999,58.900002,56.967682,2463200
11/21/2016,1071,59.189999,60.5,58.330002,59.279999,57.335209,2100800
11/28/2016,1072,57.110001,59.150002,53.900002,54.189999,52.412197,5068200
12/5/2016,1073,54.57,56,54.43,55.790001,53.959709,2259700
12/12/2016,1074,55.759998,56.380001,52.32,53.09,51.348286,4140200
12/19/2016,1075,53.080002,54.23,52.66,52.75,51.675018,1984700
12/26/2016,1076,52.759998,53.630001,52.389999,52.619999,51.547668,1447100
1/2/2017,1077,53.419998,55.66,53.169998,55.150002,54.026112,2696900
1/9/2017,1078,55.040001,55.5,53.650002,54.709999,53.595074,2542400
1/16/2017,1079,54.48,56.919998,54.48,55.959999,54.819603,2032200
1/23/2017,1080,55.560001,58.959999,55.549999,58,56.818027,3640000
1/30/2017,1081,57.889999,62.310001,56.049999,60.110001,58.885033,7776300
2/6/2017,1082,59.869999,61.540001,59.330002,61.41,60.158535,3659300
2/13/2017,1083,61.509998,61.669998,58.360001,58.400002,57.209881,3243700
2/20/2017,1084,58.830002,60.27,58.349998,60.220001,58.992786,2611700
2/27/2017,1085,60.18,61.700001,59.82,61.080002,59.835262,2654400
3/6/2017,1086,60.959999,61.259998,59.459999,60.34,59.11034,2309100
3/13/2017,1087,60.650002,61.459999,59.93,60.93,59.68832,3616000
3/20/2017,1088,61.060001,62.939999,60.099998,62.139999,61.556847,2759700
3/27/2017,1089,61.529999,63,61.34,62.720001,62.131405,2002100
4/3/2017,1090,62.91,63.240002,61.439999,62.209999,61.62619,2089400
4/10/2017,1091,62.41,64.589996,62.41,63.5,62.904083,2015300
4/17/2017,1092,63.73,65.040001,63.560001,64.220001,63.617329,1889300
4/24/2017,1093,65.099998,74.360001,64.75,71.809998,71.136093,6230400
5/1/2017,1094,72,72.93,70.849998,72.589996,71.908775,2390700
5/8/2017,1095,72.529999,73.599998,72.239998,72.809998,72.126709,1895300
5/15/2017,1096,72.919998,73.559998,68.57,69.510002,68.857681,2811100
5/22/2017,1097,69.639999,71.089996,69.379997,70.660004,69.996895,1866400
5/29/2017,1098,70.760002,72.980003,70.589996,72.550003,71.869156,1608900
6/5/2017,1099,72.510002,72.669998,70.959999,71.910004,71.235161,1704200
6/12/2017,1100,71.690002,73.610001,70.43,70.970001,70.303986,2202600
6/19/2017,1101,71.059998,72.449997,69.800003,70.940002,70.940002,1886200
6/26/2017,1102,70.940002,71.199997,68.790001,70.230003,70.230003,2200600
7/3/2017,1103,70.309998,71.230003,68.889999,69.580002,69.580002,1273300
7/10/2017,1104,69.540001,70.029999,68.349998,69.5,69.5,1067300
7/17/2017,1105,69.529999,70.349998,68.360001,68.900002,68.900002,1441700
7/24/2017,1106,68.849998,69.839996,68.25,69.599998,69.599998,841100
